{"cameraMode":{"drawMode":0,"name":"Shaded","section":"Shading Mode"},"sceneLighting":false,"audioPlay":false,"sceneViewState":{"m_AlwaysRefresh":false,"showFog":true,"showSkybox":true,"showFlares":true,"showImageEffects":true,"showParticleSystems":true,"showVisualEffectGraphs":true,"m_FxEnabled":true},"in2DMode":false,"pivot":{"x":173.95657348632813,"y":317.6747741699219,"z":-542.4960327148438},"rotation":{"x":0.03849109634757042,"y":0.19887511432170869,"z":-0.007892654277384282,"w":0.9792972803115845},"size":0.08418603241443634,"orthographic":false}